patient_id,qrs_id,file
0,3,qrs_signals_function/p000_q003.npy
1,3,qrs_signals_function/p001_q003.npy
2,2,qrs_signals_function/p002_q002.npy
3,3,qrs_signals_function/p003_q003.npy
4,5,qrs_signals_function/p004_q005.npy
5,2,qrs_signals_function/p005_q002.npy
6,2,qrs_signals_function/p006_q002.npy
7,2,qrs_signals_function/p007_q002.npy
8,2,qrs_signals_function/p008_q002.npy
9,3,qrs_signals_function/p009_q003.npy
10,2,qrs_signals_function/p010_q002.npy
11,2,qrs_signals_function/p011_q002.npy
12,1,qrs_signals_function/p012_q001.npy
13,2,qrs_signals_function/p013_q002.npy
14,2,qrs_signals_function/p014_q002.npy
15,2,qrs_signals_function/p015_q002.npy
16,3,qrs_signals_function/p016_q003.npy
17,2,qrs_signals_function/p017_q002.npy
18,4,qrs_signals_function/p018_q004.npy
19,3,qrs_signals_function/p019_q003.npy
20,2,qrs_signals_function/p020_q002.npy
21,3,qrs_signals_function/p021_q003.npy
22,2,qrs_signals_function/p022_q002.npy
23,4,qrs_signals_function/p023_q004.npy
24,4,qrs_signals_function/p024_q004.npy
25,3,qrs_signals_function/p025_q003.npy
26,3,qrs_signals_function/p026_q003.npy
27,3,qrs_signals_function/p027_q003.npy
28,3,qrs_signals_function/p028_q003.npy
29,3,qrs_signals_function/p029_q003.npy
30,3,qrs_signals_function/p030_q003.npy
31,2,qrs_signals_function/p031_q002.npy
32,3,qrs_signals_function/p032_q003.npy
33,2,qrs_signals_function/p033_q002.npy
34,2,qrs_signals_function/p034_q002.npy
35,2,qrs_signals_function/p035_q002.npy
36,2,qrs_signals_function/p036_q002.npy
37,2,qrs_signals_function/p037_q002.npy
38,2,qrs_signals_function/p038_q002.npy
39,2,qrs_signals_function/p039_q002.npy
40,3,qrs_signals_function/p040_q003.npy
41,2,qrs_signals_function/p041_q002.npy
42,3,qrs_signals_function/p042_q003.npy
43,3,qrs_signals_function/p043_q003.npy
44,2,qrs_signals_function/p044_q002.npy
45,2,qrs_signals_function/p045_q002.npy
46,3,qrs_signals_function/p046_q003.npy
47,2,qrs_signals_function/p047_q002.npy
48,2,qrs_signals_function/p048_q002.npy
49,2,qrs_signals_function/p049_q002.npy
50,3,qrs_signals_function/p050_q003.npy
51,2,qrs_signals_function/p051_q002.npy
52,2,qrs_signals_function/p052_q002.npy
53,2,qrs_signals_function/p053_q002.npy
54,2,qrs_signals_function/p054_q002.npy
55,2,qrs_signals_function/p055_q002.npy
56,3,qrs_signals_function/p056_q003.npy
57,2,qrs_signals_function/p057_q002.npy
58,2,qrs_signals_function/p058_q002.npy
59,2,qrs_signals_function/p059_q002.npy
60,2,qrs_signals_function/p060_q002.npy
61,2,qrs_signals_function/p061_q002.npy
62,2,qrs_signals_function/p062_q002.npy
63,4,qrs_signals_function/p063_q004.npy
64,4,qrs_signals_function/p064_q004.npy
65,2,qrs_signals_function/p065_q002.npy
66,2,qrs_signals_function/p066_q002.npy
67,4,qrs_signals_function/p067_q004.npy
68,2,qrs_signals_function/p068_q002.npy
69,4,qrs_signals_function/p069_q004.npy
70,4,qrs_signals_function/p070_q004.npy
71,2,qrs_signals_function/p071_q002.npy
72,2,qrs_signals_function/p072_q002.npy
73,2,qrs_signals_function/p073_q002.npy
74,3,qrs_signals_function/p074_q003.npy
75,2,qrs_signals_function/p075_q002.npy
76,2,qrs_signals_function/p076_q002.npy
77,2,qrs_signals_function/p077_q002.npy
78,4,qrs_signals_function/p078_q004.npy
79,2,qrs_signals_function/p079_q002.npy
80,2,qrs_signals_function/p080_q002.npy
81,3,qrs_signals_function/p081_q003.npy
82,2,qrs_signals_function/p082_q002.npy
83,3,qrs_signals_function/p083_q003.npy
84,3,qrs_signals_function/p084_q003.npy
85,2,qrs_signals_function/p085_q002.npy
86,2,qrs_signals_function/p086_q002.npy
87,2,qrs_signals_function/p087_q002.npy
88,3,qrs_signals_function/p088_q003.npy
89,2,qrs_signals_function/p089_q002.npy
90,2,qrs_signals_function/p090_q002.npy
91,3,qrs_signals_function/p091_q003.npy
92,2,qrs_signals_function/p092_q002.npy
93,2,qrs_signals_function/p093_q002.npy
94,3,qrs_signals_function/p094_q003.npy
95,2,qrs_signals_function/p095_q002.npy
96,2,qrs_signals_function/p096_q002.npy
97,2,qrs_signals_function/p097_q002.npy
98,2,qrs_signals_function/p098_q002.npy
99,2,qrs_signals_function/p099_q002.npy
100,2,qrs_signals_function/p100_q002.npy
101,4,qrs_signals_function/p101_q004.npy
102,2,qrs_signals_function/p102_q002.npy
103,3,qrs_signals_function/p103_q003.npy
104,3,qrs_signals_function/p104_q003.npy
105,5,qrs_signals_function/p105_q005.npy
106,2,qrs_signals_function/p106_q002.npy
107,4,qrs_signals_function/p107_q004.npy
108,2,qrs_signals_function/p108_q002.npy
109,4,qrs_signals_function/p109_q004.npy
110,3,qrs_signals_function/p110_q003.npy
111,3,qrs_signals_function/p111_q003.npy
112,3,qrs_signals_function/p112_q003.npy
113,2,qrs_signals_function/p113_q002.npy
114,3,qrs_signals_function/p114_q003.npy
115,3,qrs_signals_function/p115_q003.npy
116,3,qrs_signals_function/p116_q003.npy
117,3,qrs_signals_function/p117_q003.npy
118,2,qrs_signals_function/p118_q002.npy
119,3,qrs_signals_function/p119_q003.npy
120,1,qrs_signals_function/p120_q001.npy
121,2,qrs_signals_function/p121_q002.npy
122,3,qrs_signals_function/p122_q003.npy
123,2,qrs_signals_function/p123_q002.npy
124,2,qrs_signals_function/p124_q002.npy
125,3,qrs_signals_function/p125_q003.npy
126,2,qrs_signals_function/p126_q002.npy
127,2,qrs_signals_function/p127_q002.npy
128,2,qrs_signals_function/p128_q002.npy
129,4,qrs_signals_function/p129_q004.npy
130,3,qrs_signals_function/p130_q003.npy
131,2,qrs_signals_function/p131_q002.npy
132,2,qrs_signals_function/p132_q002.npy
133,3,qrs_signals_function/p133_q003.npy
134,2,qrs_signals_function/p134_q002.npy
135,2,qrs_signals_function/p135_q002.npy
136,2,qrs_signals_function/p136_q002.npy
137,3,qrs_signals_function/p137_q003.npy
138,2,qrs_signals_function/p138_q002.npy
139,2,qrs_signals_function/p139_q002.npy
140,2,qrs_signals_function/p140_q002.npy
141,5,qrs_signals_function/p141_q005.npy
142,2,qrs_signals_function/p142_q002.npy
143,2,qrs_signals_function/p143_q002.npy
144,3,qrs_signals_function/p144_q003.npy
145,4,qrs_signals_function/p145_q004.npy
146,2,qrs_signals_function/p146_q002.npy
147,2,qrs_signals_function/p147_q002.npy
148,2,qrs_signals_function/p148_q002.npy
149,2,qrs_signals_function/p149_q002.npy
150,2,qrs_signals_function/p150_q002.npy
151,4,qrs_signals_function/p151_q004.npy
152,3,qrs_signals_function/p152_q003.npy
153,2,qrs_signals_function/p153_q002.npy
154,3,qrs_signals_function/p154_q003.npy
155,4,qrs_signals_function/p155_q004.npy
156,3,qrs_signals_function/p156_q003.npy
157,2,qrs_signals_function/p157_q002.npy
158,2,qrs_signals_function/p158_q002.npy
159,3,qrs_signals_function/p159_q003.npy
160,2,qrs_signals_function/p160_q002.npy
161,3,qrs_signals_function/p161_q003.npy
162,2,qrs_signals_function/p162_q002.npy
163,2,qrs_signals_function/p163_q002.npy
164,2,qrs_signals_function/p164_q002.npy
165,3,qrs_signals_function/p165_q003.npy
166,2,qrs_signals_function/p166_q002.npy
167,2,qrs_signals_function/p167_q002.npy
168,3,qrs_signals_function/p168_q003.npy
169,2,qrs_signals_function/p169_q002.npy
170,3,qrs_signals_function/p170_q003.npy
171,3,qrs_signals_function/p171_q003.npy
172,2,qrs_signals_function/p172_q002.npy
173,3,qrs_signals_function/p173_q003.npy
174,3,qrs_signals_function/p174_q003.npy
175,3,qrs_signals_function/p175_q003.npy
176,4,qrs_signals_function/p176_q004.npy
177,2,qrs_signals_function/p177_q002.npy
178,3,qrs_signals_function/p178_q003.npy
179,3,qrs_signals_function/p179_q003.npy
180,3,qrs_signals_function/p180_q003.npy
